1671544413	2022-12-20 14:53:33	100
1671545590	2022-12-20 15:13:10	100
1671545599	2022-12-20 15:13:19	100
1671546585	2022-12-20 15:29:45	100
1671546590	2022-12-20 15:29:50	100
1671546610	2022-12-20 15:30:10	100
1671546685	2022-12-20 15:31:25	100
1671546690	2022-12-20 15:31:30	100
1671547518	2022-12-20 15:45:18	100
1671547523	2022-12-20 15:45:23	100
1671548544	2022-12-20 16:02:24	100
1671548559	2022-12-20 16:02:39	100
1671548748	2022-12-20 16:05:48	100
1671548753	2022-12-20 16:05:53	100
1671549037	2022-12-20 16:10:37	100
1671549042	2022-12-20 16:10:42	100
1671549087	2022-12-20 16:11:27	100
1671549092	2022-12-20 16:11:32	100
1671549326	2022-12-20 16:15:26	100
1671549336	2022-12-20 16:15:36	100
1671549684	2022-12-20 16:21:24	100
1671549699	2022-12-20 16:21:39	100
1671554354	2022-12-20 17:39:14	100
1671554359	2022-12-20 17:39:19	100
1671554364	2022-12-20 17:39:24	100
1671554409	2022-12-20 17:40:09	100
1671554453	2022-12-20 17:40:53	100
1671554911	2022-12-20 17:48:31	100
1671554916	2022-12-20 17:48:36	100
1671558239	2022-12-20 18:43:59	100
1671558244	2022-12-20 18:44:04	100
1671558503	2022-12-20 18:48:23	100
1671558523	2022-12-20 18:48:43	100
1671558548	2022-12-20 18:49:08	100
1671558553	2022-12-20 18:49:13	100
1671561323	2022-12-20 19:35:23	100
1671561328	2022-12-20 19:35:28	100
1671564562	2022-12-20 20:29:22	100
1671564602	2022-12-20 20:30:02	100
1671568497	2022-12-20 21:34:57	100
1671568522	2022-12-20 21:35:22	100
1671568716	2022-12-20 21:38:36	100
1671568721	2022-12-20 21:38:41	100
1671568816	2022-12-20 21:40:16	100
1671568826	2022-12-20 21:40:26	100
1671568965	2022-12-20 21:42:45	100
1671568980	2022-12-20 21:43:00	100
1671569025	2022-12-20 21:43:45	100
1671569045	2022-12-20 21:44:05	100
1671569060	2022-12-20 21:44:20	100
1671569075	2022-12-20 21:44:35	100
1671571840	2022-12-20 22:30:40	100
1671571845	2022-12-20 22:30:45	100
1671574406	2022-12-20 23:13:26	100
1671574416	2022-12-20 23:13:36	100
